<?xml version="1.0" encoding="UTF-8"?>
<project-private xmlns="http://www.netbeans.org/ns/project-private/1">
    <editor-bookmarks xmlns="http://www.netbeans.org/ns/editor-bookmarks/2" lastBookmarkId="0"/>
    <open-files xmlns="http://www.netbeans.org/ns/projectui-open-files/2">
        <group>
            <file>file:/D:/Hochanh/JAVA3_FALL23/ThucHanh1_DuAnMau/src/Asm/QLTT_Frame_TrangChu.java</file>
            <file>file:/D:/Hochanh/JAVA3_FALL23/ThucHanh1_DuAnMau/src/Asm/QLNV_Frame.java</file>
        </group>
    </open-files>
</project-private>
